"id","session_id","agent_id","user_input","final_output","run_name","total_tokens","total_cost","latency_ms","is_successful","error_message","system_prompt_snapshot","model_config_snapshot","tags","environment","created_at","completed_at","updated_at"
"041d6b06-ec9e-49c2-b507-43238b3895dc","f5e3cfb6-c0de-495f-8cde-fb121e7eeea1","1e5fd039-9e9b-49e9-b196-7c50a5fb253d","gAAAAABpYjJw3Y4QDB6dTIo1qdEkv6YgcZsW5H-NgklXPNZA0FJmskrRNEqZ3rJ1tdCWRTlbeNhDoQeJ60vshFUk19JKpkQf0OB3ing50LjmfjO0b-XniBI82Fi1dhnR5Rd0lFNfIzBp","gAAAAABpYjKFtwRNnY6edXZ3MgzHPovPv-XMwyQ7sc76wm8_KxWPpKf_QOs0DUs6vPhycjhVlZMk2KqDrgIk-Viz-8V-KiXSZ7FNC5A7DelSO4wMXdCWfmMdvoD-9w6u3KouWQRUiaaaD4vdK-kgEzFnsdAW6tdls7AypWzRUUXfHjqOAQqAWp5NFRKQ-bAicvqZYzvtdQCbtB8C4Kcp3awNEabCdAt0eOcL088jJ7vClFEURKQ6PHc=","chat_turn","393","0.000041","17429","true",,"You are a helpful assistant with access to a Calculator tool. You MUST output your response in strict JSON format. Your JSON object must contain: ""thought"" (reasoning), ""action"" (tool name or ""final_answer""), and ""args"" (tool arguments).","{""model"":""gemini-2.5-flash"",""temperature"":0.1}","[]","production","2026-01-10 11:05:21.111903+00","2026-01-10 11:05:41.157416","2026-01-10 11:05:42.038625+00"
"09f4bf34-64e4-4b3b-975d-2a85b231075b","9f29bfd9-b713-468b-be01-63c19469f98e","1e5fd039-9e9b-49e9-b196-7c50a5fb253d","gAAAAABpYKasdYX9ECyEKUearKW9mBmjgF5AaQAR8a1oNuyfd-cu_xhhzFge2jKnNNaPyj6un1vu1oZ2yOCTg8OtNLkwKvXNAQ==","gAAAAABpYKasHYJEtJf16jAKWOv6VRKe4G4Bray5DPGJYAXr52Dr5uojfgO1_Inu8TrMLRmuuw3Zb3IiPNJ6l9kScWVMgbiSUO7Fn9pYOTh_10WkaLlPcJA=","chat_turn","0","0.000000","0","true",,,,"[]","production","2026-01-09 05:46:34.179452+00",,"2026-01-09 05:46:47.638485+00"
"0bffe5d2-5a2d-4393-8464-c14078094cff","f67e1ae0-3921-4fef-a2f5-a0108caab3ad","1e5fd039-9e9b-49e9-b196-7c50a5fb253d","gAAAAABpYOZ1FPZATYAiUF5NaPxuFJ3wU5JFyYVPZIRf0-PQfSKKleyDB7xF9hbITmHwsZD-odNoViLD8SvoETnkQkGu2JZKVw==","gAAAAABpYOZ5iFHb5s_8vQ2zJi3dSeRz9Hn9FsxjEjrPcJ-lutqJXAzl0bWzgcNKsV3WXPhknsPtZlV9NbBmu5LZ5rL7N0BDSFKwCf9zoaNXrOpqJS-B4IqOBSiCv8gHeMDTiHvvPxLv","chat_turn","0","0.000000","0","true",,,,"[]","production","2026-01-09 11:28:54.966617+00",,"2026-01-09 11:28:59.311342+00"
"0c10ae05-e431-4003-884f-7ec486debcb4","333aa62c-f167-4063-bb14-7098f8316a3b","1e5fd039-9e9b-49e9-b196-7c50a5fb253d","gAAAAABpYLStawLbXjFIrhVlT8IPzEMor4PjClE1QyQTi7Ykw-NqFMnLR6zFW4mR29hddkKelr5pYqdBpjvNlbkwXI08yuU8AA==",,"chat_turn","0","0.000000","0","false",,,,"[]","production","2026-01-09 07:56:31.471768+00",,"2026-01-09 07:56:32.985808+00"
"10a7b33f-ab39-4fdd-9c9d-de0c6203e25e","074dd545-4999-4771-8f0c-53f8844851c3","1e5fd039-9e9b-49e9-b196-7c50a5fb253d","gAAAAABpYKvZ4HHGPq8FT-PdhuST3FFnB7XC7glaRmcD9M7GP71SYgGuQpJ8ZPaYRRwxmwSlv0j438da-D5y1WGfRENUIC-azg==",,"chat_turn","0","0.000000","0","false",,,,"[]","production","2026-01-09 07:18:50.802035+00",,"2026-01-09 07:18:52.349218+00"
"17d0787b-6359-4850-8758-7ea355d2eb93","c9d4a83c-e6a2-4083-896a-ab3a841db75a","1e5fd039-9e9b-49e9-b196-7c50a5fb253d","gAAAAABpYLFvkZsf82PQ5oSEiyk-6jFfSQRqkfJR5vWejclWZr50337xVkp85MeahlX5DJQh8pmOyOmFUl5VtuCUv1t9rs_0EQ==",,"chat_turn","0","0.000000","0","true",,,,"[]","production","2026-01-09 07:42:40.961733+00",,"2026-01-09 07:42:40.961733+00"
"18e381de-da58-4b9a-9461-3426dee1e4da","f67e1ae0-3921-4fef-a2f5-a0108caab3ad","1e5fd039-9e9b-49e9-b196-7c50a5fb253d","gAAAAABpYOv8fO-LodUPn-t8Z_qyQHHYfCS_ddhBB_whdDogV6UW5ZPtHKVrHBpcmCF1kgVlZzKZs3EOlE2FH9iSxUmW9KzhFXgWrKm5bJWeEuidYBAHVow=","gAAAAABpYOwBr3o19OEDrCfdZQRtIjsZRHKJiaZBLKYLHMKagaOOfZN6p-K4IBKGbuZTvpfeQBWTmjk58MvhwhDFLrpCeW34a0g9vvKkdIBzkdmH0LOUjMCsdi1LnMHpZvj68ksGwmjEN2zSnmix3bwY-TZRkvZaAQ==","chat_turn","0","0.000000","0","true",,,,"[]","production","2026-01-09 11:52:29.850401+00",,"2026-01-09 11:52:35.89454+00"
"20322987-9fa0-42cd-a8d0-4943ca1c2170","e54dd890-eb69-4761-8336-42e7683cb7a5","1e5fd039-9e9b-49e9-b196-7c50a5fb253d","gAAAAABpYLaDd7msYLkZx2FI9qGGguL7HVzZKcS9zY3a4htGtWljEEC1-RGnFiTjsjgBcd91TJAEjgVRxZroL1hp-S2PkhCKdg==","gAAAAABpYLaIxPlZcBgsWYqqNSuGaDGHgRZU5r6wpO12lM8Q_en7AJ-RLrr1cL_C2wFo3QX66Fp_EtFyO9nej-SV9aXZCTcL_0OQjp6eqlmNMZHT-oLtMK7K0fiD6aOOWnj-4Mt9gdHu","chat_turn","0","0.000000","0","true",,,,"[]","production","2026-01-09 08:04:21.159539+00",,"2026-01-09 08:04:26.334364+00"
"205ff03b-d4b1-4c36-8b88-2353381f66aa","dfe16128-4833-401b-8cdf-f2344b92fa67","1e5fd039-9e9b-49e9-b196-7c50a5fb253d","gAAAAABpYK9-gXhWJvt8DjZ8OUTvqyNMR0XDEkeGJ7EPJUoflfgwaIaThCbEFWNAv7eVj1339tFB7fL-VaEtKSSoQhbZ_d9mvw==",,"chat_turn","0","0.000000","0","false",,,,"[]","production","2026-01-09 07:34:23.818978+00",,"2026-01-09 07:34:25.406232+00"
"20923e65-cfa6-4681-b57d-fe6210e72c46","f5e3cfb6-c0de-495f-8cde-fb121e7eeea1","1e5fd039-9e9b-49e9-b196-7c50a5fb253d","gAAAAABpYh65kwyJTD2qKqWTG6DrDC4qir06u9Ntq7ioMdPtgJkp72rnWC_BnhItVfwgOp_FyckUsaeHiUTwPwbIQS0vSF8DWg==","gAAAAABpYh7N1_3Eago9UayNw7HZ3fSkB827SbrDKOhwvYF5WrTErz-d5A8FYqkqBFfer5zniiWPaByKbD1wWq8ge5CAu_ESiFW1aD6LfepRr5EWFylcFYE=","chat_turn","446","0.000040","16874","true",,"You are a helpful assistant with access to a Calculator tool. You MUST output your response in strict JSON format. Your JSON object must contain: ""thought"" (reasoning), ""action"" (tool name or ""final_answer""), and ""args"" (tool arguments).","{""model"":""gemini-2.5-flash"",""temperature"":0.1}","[]","production","2026-01-10 09:41:13.654784+00","2026-01-10 09:41:33.667405","2026-01-10 09:41:34.410839+00"
"24b82218-b0d8-4088-9878-38e52a450a9d","f67e1ae0-3921-4fef-a2f5-a0108caab3ad","1e5fd039-9e9b-49e9-b196-7c50a5fb253d","gAAAAABpYMokEm5Vnnff7T0oiEcvbzSL8_dHW0EopL-eD_Hft8ChzwNechIn2TvWxaqQ5RNLgF7EdbtEFJye0rEiGDm_9icYbq56CGpAJMglnPWqeBjhX-I=","gAAAAABpYMotGEOftPoVdQYh2YHH8_ZX8j9F7MNeFqiHy1iztqhkKMHVSDbAEDSzIEIHHvQrD-oU3u-EShjNP1aqvAJ7ReUJ4n3EDVHOd94B4JVtFAO-ht8G3mk6Ct5P2ghZNOxI2M-oA_x-j8dpJ88V7gnQnc6nDPcXH5oNwOnZOMQUPX8p4Y4=","chat_turn","0","0.000000","0","true",,,,"[]","production","2026-01-09 09:28:05.721434+00",,"2026-01-09 09:28:15.370819+00"
"25d1765f-9669-4a67-b59c-7baa2fcd5204","f5e3cfb6-c0de-495f-8cde-fb121e7eeea1","1e5fd039-9e9b-49e9-b196-7c50a5fb253d","gAAAAABpYhRdZXLAzPmfurHxx9NGRIhPdkM8yhelACPL6POaNim6hsqePYTkhkdioJT5GRaRVxsFm6Ec8jK0M099zAfMq--skg==","gAAAAABpYhRw6_HcN8p0bhnhMsLKiO9T1vBEJ08MZQgWSnElHRwsmAtG7mHxhlJy7e1UaQrwFip3YcenA3tr8WAK3PSjdKCTiVdHmS3tSOccEH2W8tZHsh7uTjeaal2ydwMSitZPWUON","chat_turn","387","0.000039","15438","true",,"You are a helpful assistant with access to a Calculator tool. You MUST output your response in strict JSON format. Your JSON object must contain: ""thought"" (reasoning), ""action"" (tool name or ""final_answer""), and ""args"" (tool arguments).","{""model"":""gemini-2.5-flash"",""temperature"":0.1}","[]","production","2026-01-10 08:57:02.149105+00","2026-01-10 08:57:20.719096","2026-01-10 08:57:21.459964+00"
"27e273e7-5fbb-430a-90a0-9416af5e2628","aa5b2021-6bd2-4862-bc2a-a7bfea479a2e","1e5fd039-9e9b-49e9-b196-7c50a5fb253d","gAAAAABpYQKVEDpgvWzaL94GKAC-i0TSJlce7dU_yK28prAZ1NisM7dA-BfZSsfvbOn3Fn58APM4uVI3SHHinzg1f3G0phTx78vLAfJSrDLD5h9-IRlT03E=","gAAAAABpYQKjJSc9PJ4iVrbobVUudw806KBpSrZpE8xStz6hPDAoWK6ksfsfgOqrHLKonrN1U-yzGA9q46VHgP56QhaL9rI_XA==","chat_turn","0","0.000000","0","true",,,,"[]","production","2026-01-09 13:28:55.677045+00",,"2026-01-09 13:29:08.989942+00"
"2b747218-2895-4101-98f6-963ff6e5977b","06c30761-bf31-4f99-9c44-5e9bf0493d83","1e5fd039-9e9b-49e9-b196-7c50a5fb253d","gAAAAABpYLJdPiq9K4tNWlNN8QL1zBagMoAa1PVPLEI5_Q_5yJyvzy9YbaRVGHBsQz7S_UI7WCQxk42dS28XFoT0R_1089-ZMw==",,"chat_turn","0","0.000000","0","true",,,,"[]","production","2026-01-09 07:46:39.351296+00",,"2026-01-09 07:46:39.351296+00"
"2bbbe40b-ac24-4256-9fb5-15577c6c53e9","3643dd71-e3b1-4992-b2c7-cdcfdb0c34c2","1e5fd039-9e9b-49e9-b196-7c50a5fb253d","gAAAAABpYKtFd_207Y5ULwdidrAFVuzo845btsj9YPAE5GxODq_ZuyZg84ytp_xS485Bc0_tQSpkL82w_eDYa7wKS8ya6LUFHw==",,"chat_turn","0","0.000000","0","false",,,,"[]","production","2026-01-09 07:16:23.419018+00",,"2026-01-09 07:16:25.076074+00"
"2c2a7a32-750f-49ea-bc74-9acfdbca3f1e","f67e1ae0-3921-4fef-a2f5-a0108caab3ad","1e5fd039-9e9b-49e9-b196-7c50a5fb253d","gAAAAABpYPCpP0EBhETEnyJStMyr6pHqHCu1IqM46ynzVAnScvkDKh0kGhfjMJuoHG6yXgNNYERJ4ijTO6ZnOfKruqYxwwlm8GwxuLhCW4chpkx2TcLQA2I=","gAAAAABpYPCvyUlI268D3uVJ9bWcZwsJIqEheaPdrA3vCzPQ9GS73GFzfg0rY1sLLd2ovyWAydFPZ9QDZ8TQERGY5j0LYqlNQsQZE6pWH6pnO7LO3NZl-wBHb_OH4JQI44-a3UnMUIpYHu4-2aCNYNEcSDAUDVyJTQ==","chat_turn","0","0.000000","0","true",,,,"[]","production","2026-01-09 12:12:26.941037+00",,"2026-01-09 12:12:33.914354+00"
"2d5fa8a8-a1bb-4425-9ad9-ab25e099bfb6","f67e1ae0-3921-4fef-a2f5-a0108caab3ad","1e5fd039-9e9b-49e9-b196-7c50a5fb253d","gAAAAABpYOtmEzS2MODbVCzD8WFLRm9RfP8UfAspikGiraPfiAfzORPXZ0QM9VUV9HIMySGsLWykegtbQ16rPwFlXkIqzi42nA==","gAAAAABpYOtr19WbqrTs_Q-A0si0HTThRb6VU-37EBP0KFhg9lvSCTyoiX4hjKcQqEPM_j3nN7J_ePXTas9EU1b4eS_0XGx1jIud27-jBV7SueoJD8SpWZudAN1TbRrTfCjdvkWceI5r","chat_turn","0","0.000000","0","true",,,,"[]","production","2026-01-09 11:50:00.39994+00",,"2026-01-09 11:50:05.886742+00"
"305ff3e6-d5c9-48ff-a51c-165ae11083a9","1f52a151-360c-4c50-9edf-19a41821802a","1e5fd039-9e9b-49e9-b196-7c50a5fb253d","gAAAAABpYKskCo9syFfeST8W1cCnREvKByVALdYfEvWXyJrMylldNEmQz4Tnk1r1H99UUOFXEnsGn-VSYmOlVM5LLinmaNkeJJXpU9HmjP12ZDxQD-O7r8w=",,"chat_turn","0","0.000000","0","false",,,,"[]","production","2026-01-09 07:15:50.322205+00",,"2026-01-09 07:15:51.861024+00"
"32fd69a1-2c72-4203-a16d-325e9ea30792","f5e3cfb6-c0de-495f-8cde-fb121e7eeea1","1e5fd039-9e9b-49e9-b196-7c50a5fb253d","gAAAAABpYjDvbhRf3wa0nJtqPIxtAzss510P5g2HzWtHNR6JbEPahabQxx1pR-5Bd3hNEDcT2dvxjk3DGHBNBn_qT4voPKNWwA==","gAAAAABpYjD4lkeiUZ_Z8eXW9lL-rQImkqSX9Z7F32vn6DLAQCLkICoFh5Hoc5jjSg12F9GSL6I-Y1Cj4KzfFKOkELExpwXf6X_0vzj7XSRewqTiD0gD5krKAwubougiToocYz03ssgR","chat_turn","152","0.000013","4919","true",,"You are a helpful assistant with access to a Calculator tool. You MUST output your response in strict JSON format. Your JSON object must contain: ""thought"" (reasoning), ""action"" (tool name or ""final_answer""), and ""args"" (tool arguments).","{""model"":""gemini-2.5-flash"",""temperature"":0.1}","[]","production","2026-01-10 10:58:56.732132+00","2026-01-10 10:59:04.412037","2026-01-10 10:59:05.238069+00"
"3856fca7-8dcd-4491-8b90-8aff248232db","f67e1ae0-3921-4fef-a2f5-a0108caab3ad","1e5fd039-9e9b-49e9-b196-7c50a5fb253d","gAAAAABpYPHTrnDQs0PAmrA7njtIyh0ViV5o6_JNyKC3oo3_z3Lr_TwmM0rbCbZqNhMjR3kWZh8ryqrw6pzfD6fBr8Ns9yRcMw==",,"chat_turn","0","0.000000","0","true",,,,"[]","production","2026-01-09 12:17:25.754879+00",,"2026-01-09 12:17:25.754879+00"
"3fd75bc7-173d-4482-80da-cee5ed3ed74d","f67e1ae0-3921-4fef-a2f5-a0108caab3ad","1e5fd039-9e9b-49e9-b196-7c50a5fb253d","gAAAAABpYOZo64NM72ig-W49gUKdHaKvX0xX5yftqGKEaBSKs7Vddg4TebRp55CA4roHfk000lNvliSr1ERaAgOi3-6iiAGDjQ==","gAAAAABpYOZsjYOgahON41hC_lsiZwSHSTpOSXVIjl2_tR5JCTBfjzoPeUQ8Jjn9q_lxiuVBAUSqN3gCTSbQNnqMYFEOOyQLnP5qe9KdVsaPeE7TBZ8gBo3I3F6tKSAe52p4TxPH_9bu","chat_turn","0","0.000000","0","true",,,,"[]","production","2026-01-09 11:28:41.716802+00",,"2026-01-09 11:28:46.287048+00"
"43d5ff20-f15a-429b-b0dd-1b9941bc569e","f67e1ae0-3921-4fef-a2f5-a0108caab3ad","1e5fd039-9e9b-49e9-b196-7c50a5fb253d","gAAAAABpYLi90Ib4eJRWffBO0MRASbiWiYL7vZVZ9sGM3r19ShIPqw3pTwaPEf-84HujG42kKREphvaozTWvyL665GVd8o_eeA==","gAAAAABpYLjJdx1qm0CudZTjXmULUKIgYmQ7j6bQpGO2Ag4BDYJnb8Pvthl95hwRHRhauXujMwTLaVH4PwyzYgIX1xgPKj8rtQ==","chat_turn","0","0.000000","0","true",,,,"[]","production","2026-01-09 08:13:51.014974+00",,"2026-01-09 08:14:02.901732+00"
"52f98ef6-18b0-46be-84ca-258f69870052","9fb2702c-5990-4d93-b195-467073d6a14f","1e5fd039-9e9b-49e9-b196-7c50a5fb253d","gAAAAABpYTRRzBe7vwRE36iD51cU6mp26ldFr7z5WTRoxj9mM_szGBXgtlLYIVHWz9AY2EOssU4RoC6G4GVOtVPQzRKY8Ivclut3oIL173aSS8ln7FwcThAoGbosdRxDRhi1bWyDPxbV","gAAAAABpYTRodV7h4Sl2wo-DtFYvUNPxscfvmKD6Y8ckkV5TBTAZopSe7EUzp-EjMi-N54-AHuP-LyaTUqMHqBvwcckmKxUXVa893hjFFtVOSVfqUbrHHYGNt9r9s6KI844fzA_hapsCPJgWmMLXU5oYCr8zXOije2L-LI7pscIA6RXEsFW6-H4=","chat_turn","371","0.000039","19305","true",,"You are a helpful assistant with access to a Calculator tool. You MUST output your response in strict JSON format. Your JSON object must contain: ""thought"" (reasoning), ""action"" (tool name or ""final_answer""), and ""args"" (tool arguments).","{""model"":""gemini-2.5-flash"",""temperature"":0.1}","[]","production","2026-01-09 17:01:08.151035+00","2026-01-09 17:01:28.659214","2026-01-09 17:01:31.015877+00"
"56bcb88e-c146-4666-8196-725bab7731c3","f8642688-f63c-4572-832d-d4818168b9ed","1e5fd039-9e9b-49e9-b196-7c50a5fb253d","gAAAAABpYKas1Bj2-3b_lvQWTdGGKGrTkK8h80fNHOYZ4bnN_MFlFjpTtqQMWngdJPSBAdQDggWPXHZ-hrwg8wFfoacPvBExIQ==","gAAAAABpYKasFdbQRAy2spR2niZw2hM3dVqmkSMdqGFHypfVF4rKsGwUa5z5AAWgCr1YL-sPEAdCIpPB-JRkH40tiOCKeykTK5ZDrNalWoiPHdxLaGDvWTs=","chat_turn","0","0.000000","0","true",,,,"[]","production","2026-01-08 17:03:43.460845+00",,"2026-01-08 17:03:52.090806+00"
"598ae54e-0837-4142-a9d6-c1d372f16dd5","93d2667f-6f28-4d0c-8d08-ff893a53771b","1e5fd039-9e9b-49e9-b196-7c50a5fb253d","gAAAAABpYKasaegVwHkXdVNLpELQT0T7DkIPVaeOZCPb5pzddZSr7ADCU96aeh5iXihiEEOVpd-CCMF0kqhPZbz5KHt-N1kIMupAeang_5hxEqZGT-Z4coeTrUhQ30en9q97i238DF5P","gAAAAABpYKasrFEz9xyYA40TCUKKVjEa92i76E_FGtxdZkFJiR4txPX9Qzbi1yzFMfxAbxIcve0ukQldv0TStkYp8xEwxlxeR4jSBu7g2fGl_VSmX09cf7I=","chat_turn","0","0.000000","0","true",,,,"[]","production","2026-01-08 17:09:50.180321+00",,"2026-01-08 17:09:58.896624+00"
"5bb40574-f92c-4491-965b-ac77c4481f2c","9fb2702c-5990-4d93-b195-467073d6a14f","1e5fd039-9e9b-49e9-b196-7c50a5fb253d","gAAAAABpYS9sqv-F8d3WlTQchijGhtwzcSb6bdYVdZqIdMOA4lHCo7FjhhwzdtBYYzpHzcAvRcNxaRpm5aCEB9sBsw2E2Umj1R4ZA760esMPa71ebBJObO0=","gAAAAABpYS93PyWG0GEZazEEXEeU6BunLDxFBzwB7HPt7SF7vLlGDGgAacYZrj20xKRux7ll3kLjarpSoDnOWR2LKH1iH0Z2Vz3A-8Df-wxpTfHNMuvTKmnia7zno1wyYwGDNYdVArh-AQL76XjGh_klV0mtttUD8Q==","chat_turn","337","0.000033","8617","true",,"You are a helpful assistant with access to a Calculator tool. You MUST output your response in strict JSON format. Your JSON object must contain: ""thought"" (reasoning), ""action"" (tool name or ""final_answer""), and ""args"" (tool arguments).","{""model"":""gemini-2.5-flash"",""temperature"":0.1}","[]","production","2026-01-09 16:40:14.301827+00","2026-01-09 16:40:23.712292","2026-01-09 16:40:26.088006+00"
"5d401461-041c-41e8-8195-3a58671147f5","f5e3cfb6-c0de-495f-8cde-fb121e7eeea1","1e5fd039-9e9b-49e9-b196-7c50a5fb253d","gAAAAABpYjEFvch0hCd0sKZCvJYWak4ejFMK4miI0QQW-gzqX5Kd_PltkUgiA2Z1G9sDJDTMblXhL6LW-_7PtLVrwKj-9G4ohg==","gAAAAABpYjEtTH78D7Pt5Z-oygeEB7N2k9-oRimDHGF1nliO71ZbT3RxWMC8w_vwnWmnJ-15WkSiOA6iiM04NvrCdgkQ38U89o18plm5ieY7COeeRoYNtN8=","chat_turn","337","0.000033","33842","true",,"You are a helpful assistant with access to a Calculator tool. You MUST output your response in strict JSON format. Your JSON object must contain: ""thought"" (reasoning), ""action"" (tool name or ""final_answer""), and ""args"" (tool arguments).","{""model"":""gemini-2.5-flash"",""temperature"":0.1}","[]","production","2026-01-10 10:59:18.791934+00","2026-01-10 10:59:57.292793","2026-01-10 10:59:58.032999+00"
"5efb9e26-b5df-48a9-9c7c-e1dcd83a08f6","9fb2702c-5990-4d93-b195-467073d6a14f","1e5fd039-9e9b-49e9-b196-7c50a5fb253d","gAAAAABpYTILzGfsixY_WzVNe8jAbkj6GvJS86fEgjPVw_tGNy9f3SjpI22gIGHeTafi7ArttdCK9wIkgUW7sV96-UKQSYEJcZGjSkFIzdm1bK5jdavUf0Y=","gAAAAABpYTIcQt0zxAmQDjega3eOsVgtO3qQahT_t4wbN7TjiJBXl5TOphexPEBxdeHBs8ph6BDqAXyZJFCJPCox3j65bo_5fpE-rVUqcHW0kXjyZF2pOqMoBi9cP_IK6hgoiGtqOGwNhgNtUm87xC_pcHUjwZlxbj0KtDVGGWMKaJsXRoIw4ew=","chat_turn","199","0.000020","5251","true",,"You are a helpful assistant with access to a Calculator tool. You MUST output your response in strict JSON format. Your JSON object must contain: ""thought"" (reasoning), ""action"" (tool name or ""final_answer""), and ""args"" (tool arguments).","{""model"":""gemini-2.5-flash"",""temperature"":0.1}","[]","production","2026-01-09 16:51:24.043034+00","2026-01-09 16:51:40.897214","2026-01-09 16:51:43.282286+00"
"60943a5d-a6dc-4765-8757-638acbc20c64","e2198292-3e67-4845-a277-b37f47b361ab","1e5fd039-9e9b-49e9-b196-7c50a5fb253d","gAAAAABpYLaZ_EQx1mvT5PlfkVONvz1YsddOz46kV7G3weX46va1WLFW5p21hKt4HfcEHS_TqX6zz2hb4Mn7pKPSCANjct2vkQ==","gAAAAABpYLajmF80eXoQ3kxfMr2UJu-48B6wUWzvmmxzETlDe54Op_3TlzWPf1V_6s0ncQp6UQJc1pydXEwh4-KAYEiiII-t1A==","chat_turn","0","0.000000","0","true",,,,"[]","production","2026-01-09 08:04:43.571267+00",,"2026-01-09 08:04:53.390529+00"
"638bcd09-adbc-46cc-afbb-0b6ce1d4b1c6","f5e3cfb6-c0de-495f-8cde-fb121e7eeea1","1e5fd039-9e9b-49e9-b196-7c50a5fb253d","gAAAAABpYizt3XIfQr8TPDN4MD_JQt1ShSeziIYWaOL_rRE_9ipyaCQaxACRSOasXXCuOvjER9bjnr0Znv1W-ZMwXlwIv0q66g==","gAAAAABpYiz20hHCZKh6JuB0jBm-yO_3U6Vva7Yekw30oTo05SmgCY1SxPW-j9gwIbb-24ozuJu-LR4ZqJbLWZBg7I8_UWO0g2i4AaI71vRE6_FDAHfWu3NkpU1PfYDd6DgdyAmnKNrl","chat_turn","134","0.000012","5208","true",,"You are a helpful assistant with access to a Calculator tool. You MUST output your response in strict JSON format. Your JSON object must contain: ""thought"" (reasoning), ""action"" (tool name or ""final_answer""), and ""args"" (tool arguments).","{""model"":""gemini-2.5-flash"",""temperature"":0.1}","[]","production","2026-01-10 10:41:50.522976+00","2026-01-10 10:41:58.870367","2026-01-10 10:41:59.707823+00"
"6934726d-295e-487b-b021-f03fabac35c9","f5e3cfb6-c0de-495f-8cde-fb121e7eeea1","1e5fd039-9e9b-49e9-b196-7c50a5fb253d","gAAAAABpYh6ixUBrxyCGgHPk9zhw0hOdvW8SqW93R5ureeUuoJXcdNld5bx0E4_p4-ztjXKjx7e20YNKVo8XflHCiCuT_jRy9g==","gAAAAABpYh6rLM0HdxPCd6d5OYJ6DSHGnZuqDy8_o5B84WkpIs55MtTrQZSJefrmHQi4KxJSP2m0aNAV79FF2vRiC6_Cy2TD5vW6FRCHE_JmvEeO-Q7IAkpm-Uvrsbpx5yIY_e-8eDQR","chat_turn","186","0.000016","4743","true",,"You are a helpful assistant with access to a Calculator tool. You MUST output your response in strict JSON format. Your JSON object must contain: ""thought"" (reasoning), ""action"" (tool name or ""final_answer""), and ""args"" (tool arguments).","{""model"":""gemini-2.5-flash"",""temperature"":0.1}","[]","production","2026-01-10 09:40:51.449094+00","2026-01-10 09:40:59.742706","2026-01-10 09:41:00.481611+00"
"69c01a02-a1bf-4da2-8d73-7c1a2a069855","3b912583-0c75-4124-87cf-fd13c88544de","1e5fd039-9e9b-49e9-b196-7c50a5fb253d","gAAAAABpYLRh0Wa2Xi5iBlz2qv_VXCb7B2MiJcttTVjN90M98znBjWcpMNB9ZdlnZ_A_dK5iXEOWNO5cZ2YrbtIZYEnIgIgSjg==",,"chat_turn","0","0.000000","0","false",,,,"[]","production","2026-01-09 07:55:15.439838+00",,"2026-01-09 07:55:16.903872+00"
"6bb22e79-7f64-48dc-bef5-8e8649a8bb26","684176d6-1aa1-4611-a763-aa777a3627fd","1e5fd039-9e9b-49e9-b196-7c50a5fb253d","gAAAAABpYKasmfZWX3N6WfTWe5zsYZDhcf2szF-RXFzcP7Bf-TJksdWSIQNuiD3Gg3IMWbGJhf-R8nV4RkQ2djBG7GL8ARyspw==","gAAAAABpYKas-S0whWB-b3cz7i9ERRhFw0j24YmaVsK4XmOhSyv5iqajOEh3D9MfEdpCs_ysmCGi9rLt95Tj9CyjyLX98hXrGOgAA2j4dR-DXif0bg4Vh7A=","chat_turn","0","0.000000","0","true",,,,"[]","production","2026-01-08 17:07:05.485101+00",,"2026-01-08 17:07:14.714877+00"
"6e90fbf4-2c19-4595-875a-544b64811d03","f5e3cfb6-c0de-495f-8cde-fb121e7eeea1","1e5fd039-9e9b-49e9-b196-7c50a5fb253d","gAAAAABpYhQn4rTvAz-5ldDAXJpjPkRJdt8XnCpfFemCEl7klnu26MzFbH-nR5EQs06CTovObr3ptSyxm6JErjwHfQbAc6EJRplMVrmXx3rWN_0inpVW8x7EXWMbIQacwVkW9MJE36ZQ","gAAAAABpYhQyYB1hUEadbUL_xXoEzHaT4bSb81KQQ5NUFrhcNSIQ-sTZRjZGLmorN9tQgvPnFAnphIOn9waCXfmUfUMLlGuXVQBAa10GlhqLSR2ocma3Sdeva0WPmnrhM3i8YFVKPRh3uLlT8nE45qot1RLii63sWNRK-Et2sD6XDJvO0YzCIsFVZsYy2mccG8PQboGLZJ0tXazVjOQGI3pLPjk_SK0nXqnoASuYPp12DZyynLzYkC_s6pNg-PqhzdzXDL0Zw5d4pcTZTxys1JFBiQlI2nlzknM_f_ckXH0-oTfA5mRiwFhEh4KMvG8zOAbCghdmdXNG","chat_turn","141","0.000022","6683","true",,"You are a helpful assistant with access to a Calculator tool. You MUST output your response in strict JSON format. Your JSON object must contain: ""thought"" (reasoning), ""action"" (tool name or ""final_answer""), and ""args"" (tool arguments).","{""model"":""gemini-2.5-flash"",""temperature"":0.1}","[]","production","2026-01-10 08:56:08.449861+00","2026-01-10 08:56:18.267102","2026-01-10 08:56:18.950795+00"
"70e0dbe7-143e-4d5b-94e2-de92ef0eb308","f0111352-16e6-45b5-8d89-206e7000bf66","1e5fd039-9e9b-49e9-b196-7c50a5fb253d","gAAAAABpYK_WvfdTIxhHKp-Fds3cR4lgubP7hViB3c3EthfSpjkFhe9y82lHZXtQEVjbEhFdtSvh76r9J9i_LwXnDjh5apCBcQ==",,"chat_turn","0","0.000000","0","false",,,,"[]","production","2026-01-09 07:35:51.96838+00",,"2026-01-09 07:35:53.407169+00"
"72589119-3df0-4748-ae52-13880208f13a","9fb2702c-5990-4d93-b195-467073d6a14f","1e5fd039-9e9b-49e9-b196-7c50a5fb253d","gAAAAABpYTUgCgqETRwPTsN5H_lRU1BbtUpCTF87jMazem1flgHh2DTBp1sXg6g8kR88I_pSKRDPP7govXD2F4ERk3lIsSsZvNkShwQUXwGNknHQkRnmwivobaAYdqZsDVRwSWEPn3aU","gAAAAABpYTVBZnCLOVr1IstBFOhRKGsPVxCAVqDbWoSPhC0xYTdUJPxM3K2UmgumRvxghX2m8E9zue7IrYLKhE-vNr00VmpjdUtrcXd8ieIF353GSYi1LeOVJBGwbuSHAZqVHd0bQRmF0oBQ9jpz2i1SADdWp9YxsU3pbb4-lB0UplJiAXrvA9M=","chat_turn","397","0.000041","28423","true",,"You are a helpful assistant with access to a Calculator tool. You MUST output your response in strict JSON format. Your JSON object must contain: ""thought"" (reasoning), ""action"" (tool name or ""final_answer""), and ""args"" (tool arguments).","{""model"":""gemini-2.5-flash"",""temperature"":0.1}","[]","production","2026-01-09 17:04:35.051403+00","2026-01-09 17:05:05.25322","2026-01-09 17:05:07.687241+00"
"7c0c9c9d-8ef1-4092-9290-ac9c7c6b3932","aa5b2021-6bd2-4862-bc2a-a7bfea479a2e","1e5fd039-9e9b-49e9-b196-7c50a5fb253d","gAAAAABpYSeVYR7_Hi1cUHTjjuChSVPcla4XIovVO-aCtEc69vcbIebD8jnb-oaqQhTAMwWdSQRDkZWZbxfK_c1MyiIvjMwav5hoVwimnIccBZZoEbMxTFA=",,"chat_turn","232","0.000021","5662","false",,"You are a helpful assistant with access to a Calculator tool. You MUST output your response in strict JSON format. Your JSON object must contain: ""thought"" (reasoning), ""action"" (tool name or ""final_answer""), and ""args"" (tool arguments).","{""model"":""gpt-4-turbo"",""temperature"":0}","[]","production","2026-01-09 16:06:47.663466+00","2026-01-09 16:06:55.625951","2026-01-09 16:06:57.367374+00"
"7cf692f0-4f91-4673-a0cd-5d2777877a95","f67e1ae0-3921-4fef-a2f5-a0108caab3ad","1e5fd039-9e9b-49e9-b196-7c50a5fb253d","gAAAAABpYNZCov7i62p8jWv9hcMMz1ejwdeCMP9egifZcqPF80LDS_TmNFERLV8mvbRPEDlSfNU4Kgpzj52jdKigB8QD9-x08A==","gAAAAABpYNZI6Mdq5wNeaKwdM65s6U8EXY-BhZVc0svS-__dj9-gYltVon-c2Nted0c0_b8kfJWhF8HBUHjylEvOOrqSkwlstWhACDVET8G0fErX14raH8EGUEB4dCblPpMqlHZ5QyZ8","chat_turn","0","0.000000","0","true",,,,"[]","production","2026-01-09 10:19:48.001866+00",,"2026-01-09 10:19:54.267621+00"
"81131191-9997-4995-9ad8-abaee080afbe","f5e3cfb6-c0de-495f-8cde-fb121e7eeea1","1e5fd039-9e9b-49e9-b196-7c50a5fb253d","gAAAAABpYi0Qr1XiV_UOk5l_n4rs-XCzhoyCed-bLd2o6sa443vjmufROpo_rRJF99Ec6kLa9L3F7RE2P7TAvLYhdzQIfv_9Xzt9rqPnS1nLo08mCEQ5gCg=","gAAAAABpYi0lTHG5-0MUNh0IbvTMmwxEK4pHoDIf3Ic0fKIOmoNNMUl-Zu0Gciu6sj81riARsLlL73jfIbUCs7-U-5FC_fysbE3ZYkrcxQVqc0LZH_LKZ-Sy3UBp4wGQf58a9Ay772bBgI4Kqs983Jjw4A2z8CBvag==","chat_turn","353","0.000037","17074","true",,"You are a helpful assistant with access to a Calculator tool. You MUST output your response in strict JSON format. Your JSON object must contain: ""thought"" (reasoning), ""action"" (tool name or ""final_answer""), and ""args"" (tool arguments).","{""model"":""gemini-2.5-flash"",""temperature"":0.1}","[]","production","2026-01-10 10:42:25.254071+00","2026-01-10 10:42:45.098698","2026-01-10 10:42:45.91776+00"
"86511bb2-489c-4c6a-b220-fff7b7cd07ae","03d9623d-257a-4d54-b5ae-ee7e87936aaa","1e5fd039-9e9b-49e9-b196-7c50a5fb253d","gAAAAABpYLYtnSVo-OcKKlXXLv4O49vH87VMPHN4qdJYmM34JlcSVYkgf8pcgll3B9SQbIhn0592y5tozTYj11pM_hXUIoN19A==",,"chat_turn","0","0.000000","0","false",,,,"[]","production","2026-01-09 08:02:55.413569+00",,"2026-01-09 08:02:57.191677+00"
"8670681a-c07a-47ad-b9b5-0faa1e248f02","9c607a42-4428-405a-a239-0c026e99acf9","1e5fd039-9e9b-49e9-b196-7c50a5fb253d","gAAAAABpYPGb6jNKWHxfenAYHsleZnYSM5BQumnqXWn1VILyFCxdtru0qyyavrmtevm0-vN1QM_VfnTDD8KwhICFU3Apz3VjaimAYuJ5lL4VQEANdGQJ93o=","gAAAAABpYPGlaXV5DsfwqNexnPrcBDgmNikyPz5G9an2Vr9_wnT1CquDMvT8CflkQuXBSxOL-vS6zCiNira4HBil4l1s-evYcfp251CD8KAzPYmAwJ5BHcU=","chat_turn","0","0.000000","0","true",,,,"[]","production","2026-01-09 12:16:29.751928+00",,"2026-01-09 12:16:39.635942+00"
"8946e02a-e72d-44a1-be51-15bc928882e7","9fb2702c-5990-4d93-b195-467073d6a14f","1e5fd039-9e9b-49e9-b196-7c50a5fb253d","gAAAAABpYSssiHA5IazL0_nE0kP37Vb69Rkt_nh4dhxpPRF1vmJeBse9N36Lc6cMus4BsdyqdbeSV8WaslQPbv78fQmK9eNBpW1XEgfXLP5BhRtZktsnS4k=","gAAAAABpYSs3tSEpwWx-XCmKsFtuKe5fwIn6hSPYJotY1yB2i7QDdsavJIR96EMk1o1rJj_vuJPgUsQhPShOOnBAivVyLo2nW3t3Nqxppo5WOAgBGUVnA9SzNhJwNQNUPceDXOEOTghY","chat_turn","175","0.000019","8700","true",,"You are a helpful assistant with access to a Calculator tool. You MUST output your response in strict JSON format. Your JSON object must contain: ""thought"" (reasoning), ""action"" (tool name or ""final_answer""), and ""args"" (tool arguments).","{""model"":""gpt-4-turbo"",""temperature"":0}","[]","production","2026-01-09 16:22:06.517649+00","2026-01-09 16:22:15.8784","2026-01-09 16:22:18.206328+00"
"89625921-caf7-4b8b-80f0-50060746a6f4","9fb2702c-5990-4d93-b195-467073d6a14f","1e5fd039-9e9b-49e9-b196-7c50a5fb253d","gAAAAABpYTHfnsZTLIFIzoaZarNvUZe0yObP6YeE1iU7CBJWsjoG_Ks6wNELucZfH3VOQmUUO4qI7D7lE18tehzJBWhMl89E3HokWfdITodyPZ_x2WAJX_o=","gAAAAABpYTHo_vlC9hsQSKSsS_G7dcB6ImUQ8jzPj62OlFpYELOdHyLbSkKruG4VmwFW0vN1VHZx4XuvqmwoGefTZWwA-ZhRDDKT1dqZAWiUAMH1t3-iml_XHx85LyjC3PlnVROa_Vo9AgMdJcqvATiHmpZW-IAklDWWjS2g7uEu3grwmvBkz7I=","chat_turn","187","0.000019","5642","true",,"You are a helpful assistant with access to a Calculator tool. You MUST output your response in strict JSON format. Your JSON object must contain: ""thought"" (reasoning), ""action"" (tool name or ""final_answer""), and ""args"" (tool arguments).","{""model"":""gemini-2.5-flash"",""temperature"":0.1}","[]","production","2026-01-09 16:50:41.937422+00","2026-01-09 16:50:48.691762","2026-01-09 16:50:51.033057+00"
"8a1b6da1-3eda-4b38-915d-636303a6f41c","369df12b-e23c-4ea8-be93-74b95a6c7068","1e5fd039-9e9b-49e9-b196-7c50a5fb253d","gAAAAABpYLO5zQzdOzAD23DHOX0ES56ZJFeHVA1iKyzlWHeQ77J1A4NvRazpVb218oTwhGC1yQHLnPrZS4GX7rBp0DO7wAwhVg==",,"chat_turn","0","0.000000","0","false",,,,"[]","production","2026-01-09 07:52:27.091819+00",,"2026-01-09 07:52:28.679587+00"
"8a7d1866-434f-450b-8023-736989556f69","9fb2702c-5990-4d93-b195-467073d6a14f","1e5fd039-9e9b-49e9-b196-7c50a5fb253d","gAAAAABpYS1xVlJ6WjbYviRM4n4otXkXN8nDWPvTFwdJns7bqJN48WYO-9tc4OHdp8G89XcVQVNVfRONmIVvp7bUIhgc4K5fTDEtBGeQySB8z7FsXLrvCWA=","gAAAAABpYS13qm2mjRCSFVBY7hUOsrfNJzaNXicizil0W_qgibsggTxQxMcBfpJ2KWEtRS-Lbz4s1gLbjHwzkqZFXvkzvwx6h2IJJCGjrmaq9JNl6ZeyzKhCznr_8krOtr6Q9EWNKwFR4FIVDFMC3D3364Kcu3EZDqR7bx8bNTVgJhpfxOACe8g=","chat_turn","129","0.000015","2881","true",,"You are a helpful assistant with access to a Calculator tool. You MUST output your response in strict JSON format. Your JSON object must contain: ""thought"" (reasoning), ""action"" (tool name or ""final_answer""), and ""args"" (tool arguments).","{""model"":""gemini-2.5-flash"",""temperature"":0.1}","[]","production","2026-01-09 16:31:47.54763+00","2026-01-09 16:31:51.619532","2026-01-09 16:31:54.012446+00"
"8ab2ed23-768f-4a7d-b42d-574a44a24831","f67e1ae0-3921-4fef-a2f5-a0108caab3ad","1e5fd039-9e9b-49e9-b196-7c50a5fb253d","gAAAAABpYLkpPttRXLl9MzmCPVV2-u57mTatg-_GSlpKob4EViNScUMhFtjmwl-_A7v0bZOpxQ0Gb0SrgYr0eQX0gmvUAf5xheahJchObHcnsRHy9Lh_emE=","gAAAAABpYLk1-eE1Z8G2s1ttK0stt56h24GECrdPg3zSYhAagpmbKK6yVhiQlXELduQb0ByC8P9txCOEuAi_X_-y0sbVA0zO3Koy2N9A2qgiPeK__HPfyUQ=","chat_turn","0","0.000000","0","true",,,,"[]","production","2026-01-09 08:15:39.46917+00",,"2026-01-09 08:15:51.383974+00"
"8eb6c53e-f09b-4154-a3c6-20c0477514db","f67e1ae0-3921-4fef-a2f5-a0108caab3ad","1e5fd039-9e9b-49e9-b196-7c50a5fb253d","gAAAAABpYLa9hIYb-uU0FyNtnMKaomjQ2dGtvBXrQsCveJrKu-fWgZfO_CA9TWhGxXew72IwtiFwOPfdDIkBsFh02_w_jIZj_np9FhdnUlatSSY_f1mHOq8=","gAAAAABpYLbC2LWNechMw594ywsUIRMyOtgid10HuCAce-Ps5qY_cJXSnbukoMNeZnFXEEpkJTiNhjNYv26jW-Yj6w92QB0JlJihh3YMdZNtnGUOaR6uGiw6asYFEBiBfInBbVGXdoYexmQCUAlHhNKjsq3JQHckgw==","chat_turn","0","0.000000","0","true",,,,"[]","production","2026-01-09 08:05:18.877948+00",,"2026-01-09 08:05:23.768348+00"
"9a3c018d-fc32-478c-ba50-da6c97d8a30b","9fb2702c-5990-4d93-b195-467073d6a14f","1e5fd039-9e9b-49e9-b196-7c50a5fb253d","gAAAAABpYTJbh7H_7DM8s2kEvP-BoYuqVnT1gbHepIrGT-1SN-dyrNUtpgGjcavcDlPAbX2HI6RL8E3G-AtyB8QZQ37dsXoDrZqbww1TGe6gwf-3GF_LjGFh51IUiobNO2M5SDonxd6n",,"chat_turn","0","0.000000","0","true",,"You are a helpful assistant with access to a Calculator tool. You MUST output your response in strict JSON format. Your JSON object must contain: ""thought"" (reasoning), ""action"" (tool name or ""final_answer""), and ""args"" (tool arguments).","{""model"":""gemini-2.5-flash"",""temperature"":0.1}","[]","production","2026-01-09 16:52:45.421237+00",,"2026-01-09 16:52:47.068143+00"
"9bda7c25-2706-4185-8ca2-0ce12a0c5722","aa5b2021-6bd2-4862-bc2a-a7bfea479a2e","1e5fd039-9e9b-49e9-b196-7c50a5fb253d","gAAAAABpYQYiLucFmMleSdFS5FAFea-HpwKLpsuLr-DzoHUI0mfrkNbPLAeBYRq7imUmhmf6yCJaa25q5mYSPYw5R8C30gRUyONeuyTBmUBtGgHK5UwFe-A=","gAAAAABpYQYtUocGjwXwzz44hCgsHfXfRDO0brmrrPypM_S2PQwfKrPyWUPk1vfgrX4YJPqxXWeyon1qiWKBWdlYI0cPYB9J7A==","chat_turn","0","0.000000","0","true",,,,"[]","production","2026-01-09 13:44:03.910683+00",,"2026-01-09 13:44:15.433304+00"
"a84525ca-a14a-4ee9-8f2a-0ab48caba18c","9fb2702c-5990-4d93-b195-467073d6a14f","1e5fd039-9e9b-49e9-b196-7c50a5fb253d","gAAAAABpYTMzzJt1fJjeOAwJNCSTAjsxm5Drxk0n9TeVRQNBnkrowqkTW_ToTPB_ZFkEujmRu8OWVE-b7r_rGxBLiKfv6mXg3M4jJl8-InQ-5yb20GO5Kcp8cUidCTStBujkf4rSDf-g","gAAAAABpYTNLKyj-OkKIqsMLJbJCbuKtDXwkaQXmbngYjtHUaNUmLNRc7KHwxZ7qRuhzCrI_UYcSz5nesACOb-7ROwR4rlDTGhui9dc7bR0hiqpzbv4WXt4eMqXxq9Ga0C0OCQYoA0FuH29Y_idMMG00GOHHnwX0VvpmNhFQfzQUVEFh0URSkPk=","chat_turn","345","0.000037","20201","true",,"You are a helpful assistant with access to a Calculator tool. You MUST output your response in strict JSON format. Your JSON object must contain: ""thought"" (reasoning), ""action"" (tool name or ""final_answer""), and ""args"" (tool arguments).","{""model"":""gemini-2.5-flash"",""temperature"":0.1}","[]","production","2026-01-09 16:56:22.30237+00","2026-01-09 16:56:43.531995","2026-01-09 16:56:45.90231+00"
"affdc7a9-6673-4d9e-8fb1-fef069caab40","ea77a11c-fc36-4deb-bf7c-c96c61d51d86","1e5fd039-9e9b-49e9-b196-7c50a5fb253d","gAAAAABpYK7tr46blOvd5_XPpiX3uGJjLVkliyyel0qXzLLy0C2vcOF2HH4IIs98fUo_59fYfrIefUpYgxupP7ZV_Cb9JzJf_c7zF3bCKRrlMqHjP732g0g=",,"chat_turn","0","0.000000","0","false",,,,"[]","production","2026-01-09 07:31:59.014375+00",,"2026-01-09 07:32:00.641286+00"
"b4478680-244d-432e-bc86-246535c23700","6caff11c-95fa-4d4b-b863-e353630321c1","1e5fd039-9e9b-49e9-b196-7c50a5fb253d","gAAAAABpYKlyxagO_-mdBxlkhOzIiNhwjJb-EQgr_QBTPdLbG_Vd0rEYSHvVJVeX4OCT1zVPrU_aXOsauB2u4Mr6XgletGVaJA==","gAAAAABpYKl3uibXzrjXWpB3ouN11icDQS9FSI1txIFu-uxhFZz-Yqgwmifs_rOWbBKamI7CaCq-bbleAZHVkBFHf48nSdmcvRpfOeNYoFYjsVqG2E2h8_0hfRxrgGAKI5lNOyzashTX","chat_turn","0","0.000000","0","true",,,,"[]","production","2026-01-09 07:08:35.709417+00",,"2026-01-09 07:08:40.898141+00"
"bec4adf4-9722-4f89-87ef-cd170202d488","f67e1ae0-3921-4fef-a2f5-a0108caab3ad","1e5fd039-9e9b-49e9-b196-7c50a5fb253d","gAAAAABpYPjFj3uUk1gyi3ghoTFmrcMxKd4vSX5O0deyXNr-IygVHCd5KyiihJHc4HkMGxRJZlJk2gQMHV9NVtZ2JDME82SocA==","gAAAAABpYPjLdZ9Ex8s6hKloeNy9US3h8T5Gppfa-HGv-pG6pSdoG_m6-vD7mo2LKyFdpQGUQNN2yqGeRG2SIbtxHOMlw7uSmIYB0UgRqzJKitR_TfF7mH8=","chat_turn","0","0.000000","0","true",,,,"[]","production","2026-01-09 12:47:03.542236+00",,"2026-01-09 12:47:09.333188+00"
"bf906baf-9e35-4b9e-8833-85514a054221","3e618b93-e5f2-45e6-9a98-355470afb8c1","1e5fd039-9e9b-49e9-b196-7c50a5fb253d","gAAAAABpYKasQ3rnvzfOONflmmMDlPqTn7y6DvUnO2VkWuw4agmbRFS6IwU_o0CbrJbkN43FuHsOmDmoJDUfvNuETAQXdQ4_Vg==","gAAAAABpYKasx2Z2CW_laUrUzl_4wjvlCG8hycxk22k03PWZDOWXxXEmvKPufjBGEMaUhuNX2PLdo7BvLtyecGwyKKgrhOttGzoOpleXdihAhmn59xSy2Kc=","chat_turn","0","0.000000","0","true",,,,"[]","production","2026-01-08 17:02:18.156166+00",,"2026-01-08 17:02:27.441219+00"
"c08ea1cb-e5fc-49ca-8e56-8f9ed7ef9ed7","f67e1ae0-3921-4fef-a2f5-a0108caab3ad","1e5fd039-9e9b-49e9-b196-7c50a5fb253d","gAAAAABpYPR2vrv2YbK8NGRSaCtOEInr6GSPbMNWMTYcAzKe4BCN4m7YJDCDNNk7L-lsosRM7L0XAJS_4_jm3juiqVZeGQEuog==","gAAAAABpYPR7dJe9t2tkKztfKGEVYiJJNH_y2lWnPAkVuGK8w89ZQL08k3I-6TSmpP3Ig8cFfsBFvFlb_EK2Q4a8ZVwgI6RJQjoP-sypL0m0HerXm4LK-IsGms2MXwVfRwAkqUXHE94R","chat_turn","0","0.000000","0","true",,,,"[]","production","2026-01-09 12:28:40.786998+00",,"2026-01-09 12:28:45.101584+00"
"c283a84b-6bae-4f26-80a7-d294f33ae176","87d97b8a-53fb-4abe-b3b8-8965e4a36489","1e5fd039-9e9b-49e9-b196-7c50a5fb253d","gAAAAABpYKmMoh7n2krT1O868oyBFinK9OvEjjRUrqQjjZQjk5nhxTo0oB_iz5WaQwDkc92TAXHSwZAz9GkbCsW7DkbB2z4OMA==","gAAAAABpYKmSuwII261vNCGWRgQSSpSw8bafghAF718rAArxMfv68DSiHARRDts636vpMBVLv_bmHiOdk7lvcFxF74mfA3__pNVzdLwHA7JHN2H5aNhKwOxGqHecaRcd6Xajp-rAD_rV6jmP-zWo8LVbOQFhhmo_z2CQIWxS3tnmkphYZl368M14dFtD7KupDXTB0Vnk5tFHIn3Z2FDqf_6NG1qVOVHDhkC86xeGO0PSFsc0cxyjA_rOfRxic6ivykyE8YAOpqHYxVtc4h8edEvAR24y5cgCoHXRS2irqE8pw14sz_F_bAM8MyOElltOOpBzTEg_Vq2clOzv8PswL_-hngxOinvoqME4QMLiWg63vFxRbFRXPbSL-I4sDzqM4xZpfQ3Aj9xwnzf7231tqc6hmNi8zwqNZUE7mj4pdQGwYK6bLpOqnJqgthPc2xw63WgpuCqf1Yo2A2RThVZ_n_V7N_nzje3HHMcgVcvo_2xMxIfBjlrpr9xKsBGgB_-ExJIC2M1mc-d9_e5MkSs73Y2F5LlTmTfpf0J_Ie9E6UxFxaEOJsP85ngLPjdifE-QIERaKyfQEwrbcIQt5EQ8Xg7rdKWAKhScYQSQaEyIYMOPzMQCYf4WlEd4vGzg1VCUBCx0BU8wMbAiDkyOyMM17KV47lXVFDwUP3LD5XPcCbIGiIfDaaWBHAyrkBTJzS1Atj9ZEnbClkD-ersvSwvO0EzExzuQjwKZ-kLykX8zn6YupTB4A7duEYnO4iS8aX5LzrzISzYWrbgQ5TbTizo8l829rJyBZmJa5cEbXJ1aJ8Ku9FnP3hURCUWpy4vFo2wkAVRfkqDuHId9iAJv8Bu-kefvWDwF_6-loIPEWoID5POKUaq7UQIxbayzGGuZa8Kq-JjU0JiMdTlHQ0wiAOTfQgkMQW2F3lxfkYQAia2D_2iLSJjGTGjEB7-qeOQTbG8GWVdUcTpHgquzgwKY0l-W4lVFWGO0PCQ5NhkpeG4knkYkIpOt2E-XGuZYp7ZRHNhu4pGhy8Xm3LdW1eSQ4iANuOU8eH8DslFQ-A2VYYxoONQTD8sFd3ESDAINRZFxK5Hn5qxtvFytc2Pkm49u0y6y_HK6ybruCov1nIIDJUMdQkRjbJVvNRdM-8SdaGSmjVX89i8FEbWpayyDc2SdSnI7SkT7_IYGqkoGk4qteqUIsY-MUjDGduQlY27-ySRTOjCpBHUAIZbhDz8vAwhNVHqyR6X-xVhbpTM4HePjSrjT_9MOodGs1nFTsnuSKsguaRthgY3Bre4wXbZ9","chat_turn","0","0.000000","0","false","429 You exceeded your current quota, please check your plan and billing details. For more information on this error, head to: https://ai.google.dev/gemini-api/docs/rate-limits. To monitor your current usage, head to: https://ai.dev/rate-limit. 
* Quota exceeded for metric: generativelanguage.googleapis.com/generate_content_free_tier_requests, limit: 20, model: gemini-2.5-flash-lite
Please retry in 51.40117823s. [links {
  description: ""Learn more about Gemini API quotas""
  url: ""https://ai.google.dev/gemini-api/docs/rate-limits""
}
, violations {
  quota_metric: ""generativelanguage.googleapis.com/generate_content_free_tier_requests""
  quota_id: ""GenerateRequestsPerDayPerProjectPerModel-FreeTier""
  quota_dimensions {
    key: ""model""
    value: ""gemini-2.5-flash-lite""
  }
  quota_dimensions {
    key: ""location""
    value: ""global""
  }
  quota_value: 20
}
, retry_delay {
  seconds: 51
}
]",,,"[]","production","2026-01-09 07:09:01.861456+00",,"2026-01-09 07:09:08.149777+00"
"c741be45-26b6-4dff-8b9e-c1fbc44dc738","f67e1ae0-3921-4fef-a2f5-a0108caab3ad","1e5fd039-9e9b-49e9-b196-7c50a5fb253d","gAAAAABpYMtdxeouaJ5pEUfY5D9ZFOy_RiFQcwpRllI-a3cFa76_r7HfrPLV8-yg89z2Y4RkhUcnC3-qwGSYiQ4oBLuEsWBnxS2o7pcL3tR7tQvLnidpy_gkDWxgT5AsxutmMO9ZNDj4","gAAAAABpYMtfGtjmisWaO2Ju1Z4Uh3lutvWUuh4eJmG0gj7XY_ueDTqP1X-x2Gdj0hYAJPebNRaz44DhWLmgTdij3l3WAyuoYpfn22AMWecIkyT8s6ioBxksuJceB5TWz2IpWw2pMaxH3eEkMC2xthBLqx-5v9K2gCDuOD_qCz9pecvk6c9k9DfH36i_ipRiHAqHe-sA6_1YF5QOrwZGBg7iOmtVg-vI5UCZfpQSo92uGXnT7r9x_vPjTqKntx0ly72DRIyCkRfBz61h4qeO57r1iAIKNknCk23T7ZyG_owFK4WTlSDFqBqR5H1L903uiPhCk4qB9YqrVHKW6f55WZmffi1uSgRpLi2CTd074H2HpodAeCvpTlZOGWXY7G-yrdVZ2QBpQ9DqyBlBHkim1K1eQp_IO0zNuK0SE4DCA9OIIGMzlJKHvTg=","chat_turn","0","0.000000","0","false","404 NOT_FOUND. {'error': {'code': 404, 'message': 'models/gemma-3-12b is not found for API version v1beta, or is not supported for generateContent. Call ListModels to see the list of available models and their supported methods.', 'status': 'NOT_FOUND'}}",,,"[]","production","2026-01-09 09:33:19.116619+00",,"2026-01-09 09:33:20.719632+00"
"ca37c1c5-b407-4c9a-91f1-602dc84462f7","107946e5-6b09-4504-b85e-ccda364c6b48","1e5fd039-9e9b-49e9-b196-7c50a5fb253d","gAAAAABpYKasoZwz5JsBdzoz4qZXOM_lMA9dz-gQdAhqvEx3sFoLAFsGsWE_lE70Sew-4RLuRQrcQoL9CKIPINXLzUjnCW_pLA==","gAAAAABpYKasCbZfjsbgjXSI833BjFRhVn1jQ1cuhNXPPJqJXe9UIV1mXUS27x2zMUqqs7lstKK6bz6XwhFBEyDOJ3yLKqXPfouAXKkdtJaNzley5wLdHgA=","chat_turn","0","0.000000","0","true",,,,"[]","production","2026-01-08 17:05:04.235848+00",,"2026-01-08 17:05:12.245853+00"
"cca65967-8a29-4e50-8ca2-74c4f6e6a0ed","9fb2702c-5990-4d93-b195-467073d6a14f","1e5fd039-9e9b-49e9-b196-7c50a5fb253d","gAAAAABpYSvjGiXs-oOnOCjGKJsWjzBCtcyAPLKo_l2N7EA2YojaMLPN-3SOvcVZfyYrHlXkZYR2cczfWoKeInq3ooByaNdaKFNqwbGhEis_NGOnIXqq6cA=","gAAAAABpYSv0eD-8aInipXHI-XN4dM1vsvvy_GP8QqQyK3cjXZ-5mdr77Qc2D39NMmT0ktxrwzx4h4QnnhuO9YCpCQd4a41nZVIlGk3nSb7GYbew3mabWgevpHKmY98uhSpTCpIwFVqxaBI6e9BTrYHzAY6a4Kv4-Q==","chat_turn","221","0.000024","14557","true",,"You are a helpful assistant with access to a Calculator tool. You MUST output your response in strict JSON format. Your JSON object must contain: ""thought"" (reasoning), ""action"" (tool name or ""final_answer""), and ""args"" (tool arguments).","{""model"":""gpt-4-turbo"",""temperature"":0}","[]","production","2026-01-09 16:25:09.291353+00","2026-01-09 16:25:24.623389","2026-01-09 16:25:26.997553+00"
"cd2fff94-d116-4aca-9eff-d36ccf9cbac9","f5e3cfb6-c0de-495f-8cde-fb121e7eeea1","1e5fd039-9e9b-49e9-b196-7c50a5fb253d","gAAAAABpYiuf-kL0GL_QcjAaDazv_Fsjp4M90Nr-T3f9nD9kv9KK_2KJ7xotnZMUhLeIDzWUeX5s1Y10ZVrUBG9QlOd6DV7eyA==","gAAAAABpYiuoU0B3VohQoS13VKewitVidhafzXCoaZzTMIl6ft_A5L8tPfc4442T-ThNY5eAq_7fHVX6XQ_G0zqXetXiq61esVAG9KFAHYPa8v7RtMnVxWisSRCdEIrG1lMNWmwhWkv6","chat_turn","154","0.000014","5198","true",,"You are a helpful assistant with access to a Calculator tool. You MUST output your response in strict JSON format. Your JSON object must contain: ""thought"" (reasoning), ""action"" (tool name or ""final_answer""), and ""args"" (tool arguments).","{""model"":""gemini-2.5-flash"",""temperature"":0.1}","[]","production","2026-01-10 10:36:16.524989+00","2026-01-10 10:36:24.134478","2026-01-10 10:36:24.874131+00"
"d12fd834-77ed-48e0-8455-dc9ade6f29cb","29fbc3a3-aefc-409e-a647-75f597c64312","1e5fd039-9e9b-49e9-b196-7c50a5fb253d","gAAAAABpYLMasUQiPfAXVo5JdJvKuc25-na_wNisx8Pbmeu87GXPUF4ADUFP-FzFu_GSRQty4ZZacs-BEXQM3ue7OfOHiJfzkw==",,"chat_turn","0","0.000000","0","false",,,,"[]","production","2026-01-09 07:49:48.399556+00",,"2026-01-09 07:49:50.3176+00"
"d15700f9-9a29-4b62-a594-2b72750a2a55","fb04ce44-7426-44ad-870f-3fb6bd2ca863","1e5fd039-9e9b-49e9-b196-7c50a5fb253d","gAAAAABpYKasBCJWFpkfaFXfkdurzJ9nd-EkzocjQyiiDt3xlzAIZjKOJ2QscBFKdj4j8j5e13gL4MYDwe6MVF6Ckeydop534Tv0Uck8PvHUGzALMK345fQ=","gAAAAABpYKas_hulGVsU-fSgKv6uoaLnA9m60eqhjbe6BUJMY6meMQMSYAyS5aR1dNAI77ayjk0lZBjRjOLLgNCglNUhG1C-tuIpEWr3kLz8x0fnNvFt4qkFZqpRmMCioYaZoISTKe_oapz9VCDHLleOMyTQXSYxtg==","chat_turn","0","0.000000","0","true",,,,"[]","production","2026-01-08 17:24:16.67906+00",,"2026-01-08 17:24:25.720311+00"
"d31d202a-d3b8-4d6b-8578-dc938bf5ac8f","95c50e6f-0c4c-483c-aa25-8cd93cdc0d01","1e5fd039-9e9b-49e9-b196-7c50a5fb253d","gAAAAABpYKarkr0IOsXjA3BDaKWZdXo1fq0Wv6Pe4Ms7BTuc6TesDphTOsy1HcNZ8bzEs2MEHa6Mlris0x2FnD9oodoT0Ts04Q==","gAAAAABpYKarqZ9U2uxPc4h-2iNpJ7VfX_38ueMu-z9ECqeKAHV0NbJyVODJLc-PAHl_MVfUlPx5GxunrpnitOYZLTLWe4nbQLqBMubTt5Z5oBNSXwOFpAA=","chat_turn","0","0.000000","0","true",,,,"[]","production","2026-01-08 17:01:39.890884+00",,"2026-01-08 17:01:48.896233+00"
"d40349d8-4548-421c-ac71-51974b9ceb9b","986fc759-cfc0-41d7-9ddc-73d567bc148c","1e5fd039-9e9b-49e9-b196-7c50a5fb253d","gAAAAABpYLQ71kFPUQKFm8r2TgV5gfGhySZ41cAKmonAYuYbFgB2E_W0KWUc19_LyeLqdRSO-hUWaVygtW17V6wG2aRydxmAZA==",,"chat_turn","0","0.000000","0","false",,,,"[]","production","2026-01-09 07:54:37.648711+00",,"2026-01-09 07:54:39.26161+00"
"d53eae54-b47f-4aa0-9714-37d6bdaa1a5e","9fb2702c-5990-4d93-b195-467073d6a14f","1e5fd039-9e9b-49e9-b196-7c50a5fb253d","gAAAAABpYTMNLsOzonc0aIdXkHeCa5Gp2cdzfjCwVrY6zV85cnWKjTWxNZpByEBDVI51OS29k78ZwuOgbJSfErl7saiR5Cxr9Dipu5OBfpe6N9PIF6e6zeH4tNDTNLsoGK7c3Bt1coBy",,"chat_turn","0","0.000000","0","true",,"You are a helpful assistant with access to a Calculator tool. You MUST output your response in strict JSON format. Your JSON object must contain: ""thought"" (reasoning), ""action"" (tool name or ""final_answer""), and ""args"" (tool arguments).","{""model"":""gemini-2.5-flash-lite"",""temperature"":0.1}","[]","production","2026-01-09 16:55:43.756162+00",,"2026-01-09 16:55:45.333012+00"
"d7201c2c-4a12-48dd-ae0c-6cce898eb66d","f5e3cfb6-c0de-495f-8cde-fb121e7eeea1","1e5fd039-9e9b-49e9-b196-7c50a5fb253d","gAAAAABpYhPzyh0HJP8RjW2DRImh0TIjIMZd6O1LAhRRBch4whhRsSS0cx9YNdOJtp33Kmg7M5pgbXAGvPpystecoEPlTNxaUQ==","gAAAAABpYhP8n6Y-nhTjq1c5-NhN3AtO9VfPLMkFWXc6cu_b9Mdo8OD1hL-94g7jY2Vbhwq-2BtPNxzqRufFl0B0mABmU_kEeX2Lmst-9FFXA3w2iq9OYmWvIz0-PvOvroBbiHqnF3LxTmhpvxBh5jsxJlONy2A1TA==","chat_turn","71","0.000009","4923","true",,"You are a helpful assistant with access to a Calculator tool. You MUST output your response in strict JSON format. Your JSON object must contain: ""thought"" (reasoning), ""action"" (tool name or ""final_answer""), and ""args"" (tool arguments).","{""model"":""gemini-2.5-flash"",""temperature"":0.1}","[]","production","2026-01-10 08:55:16.4138+00","2026-01-10 08:55:24.345192","2026-01-10 08:55:25.048922+00"
"dfd39139-41c4-418a-9c5f-0e39d0533e6b","f5e3cfb6-c0de-495f-8cde-fb121e7eeea1","1e5fd039-9e9b-49e9-b196-7c50a5fb253d","gAAAAABpYh7hu6Cg52_VW4bF-asJJL0bxLY8GZ2dPMbcASBsY7KUqVzItssj5d5RVGdhFnskzxIKtUA5Ynve3LAxsAo02XDn-nJOMjvq_Zuhcnln5dnSXeY=","gAAAAABpYh73yOAHogoqruekMcmUhoJSU0RJpTSu5nywNBtyhhs92riJdDeCFVZKotSg88fQpeqBnibhePPMBl5DDCnmWqjEKA-FJF58_f0oQFKN2PffPqsppICRFikA0Sw91-4wRBf6","chat_turn","457","0.000042","18071","true",,"You are a helpful assistant with access to a Calculator tool. You MUST output your response in strict JSON format. Your JSON object must contain: ""thought"" (reasoning), ""action"" (tool name or ""final_answer""), and ""args"" (tool arguments).","{""model"":""gemini-2.5-flash"",""temperature"":0.1}","[]","production","2026-01-10 09:41:54.32095+00","2026-01-10 09:42:15.718895","2026-01-10 09:42:16.430505+00"
"e88d1e8d-9aed-4d9b-97e5-b9d3c7c01a0a","f67e1ae0-3921-4fef-a2f5-a0108caab3ad","1e5fd039-9e9b-49e9-b196-7c50a5fb253d","gAAAAABpYLlHphXEpw5yuGIUWt9nb79j5b8OQjlEjXx11Dvsy8NtOYG0nGeE2aETHVrvsK9XzCg7t97UPp0JbWX7re3UBakzGW5B3ekbh_aXbgoTetdZcv0=","gAAAAABpYLlNC05q1hpZCaL8x7Vqc_BxxGTvOfe2pAfyITgz8yBnWC_5JT3lSEQD_9aPbNxW61ZPvLu2BkYl97QPrYn_7rbCw1_khhnioge2UgKJzHQpwZ3wXykO7xXOkwOy6I0sehPUEPe9PSlolkeSf7ICnSLbP49q9pEamUlJvf7bfwFjy9U86rVtAcrxVPkYw6vrlGR3AXaO7VQIGWSnB3XRHdag6NBw_dZGLS0NAUBirtO7qsGdCaITO8o_gKgHzBFjXWTW","chat_turn","0","0.000000","0","true",,,,"[]","production","2026-01-09 08:16:08.644949+00",,"2026-01-09 08:16:14.861225+00"
"ec9b70ac-e5b2-4cdd-948b-4756008b4d84","f67e1ae0-3921-4fef-a2f5-a0108caab3ad","1e5fd039-9e9b-49e9-b196-7c50a5fb253d","gAAAAABpYPHgXaaQ7w4iUwsZV8XXEwDvuxlXV7pNMUgXFD_7WT93ir7QKV4Wfbaq6vr25co0sMChUDmoi2rfap6pxyiGn_6Lkg==","gAAAAABpYPHlR6sf5sJdsEzM2w7VLbXXpdWMWIR5mossTK6rw9pG9EH3XyCtrwgg3IPWxlfY15YLVpoqUMn7Cn5yozJr6Vv-ZeI_hXsm8047H-oC4Sxmj0MdHSLfXjXMuZ_MigDDCiDA","chat_turn","0","0.000000","0","true",,,,"[]","production","2026-01-09 12:17:38.603434+00",,"2026-01-09 12:17:43.989381+00"
"fc1fb35d-e85e-4de0-a1b9-983d9d4ab2ef","4d9c511d-d3a6-4d7d-aa7a-1293d7f118d1","1e5fd039-9e9b-49e9-b196-7c50a5fb253d","gAAAAABpYKas7Q4nuL1aMTQJwr5PpIfn_teUP1zwUcTRgZyDo1PAun7b17T5PbDt-fVLb_wzTE8sKgp4cSGLm19LyNj0SYGlkQhtoiYMY99QHMB55CFoQ_I=","gAAAAABpYKasK1X0BJjBCiTkdBSD60XdeXdG5sAp5A7spXt5b87kmvwnMRpbQKoyt-PLvdW6YofIvRgEAMmYV0x4AmRJJlHVt23wxuQR2JlWRowbQySEnLiQJMvAjhoZXyAdWND0g1YO","chat_turn","0","0.000000","0","true",,,,"[]","production","2026-01-08 17:09:04.540214+00",,"2026-01-08 17:09:15.40515+00"